<?xml version="1.0" encoding="iso-8859-1"?>
<GSplitPreferences>
  <EnvironOptions>
    <FormVersion>1</FormVersion>
    <config_Text/>
    <pbloc_Text/>
    <cmulprompt_Checked>TRUE</cmulprompt_Checked>
    <cautoaddfolder_Checked>TRUE</cautoaddfolder_Checked>
    <cautosaveprof_Checked>TRUE</cautosaveprof_Checked>
    <caddMRUentries_Checked>TRUE</caddMRUentries_Checked>
    <customskin_Text/>
    <cskineffects_Checked>TRUE</cskineffects_Checked>
    <cmoverecbin_Checked>TRUE</cmoverecbin_Checked>
  </EnvironOptions>
</GSplitPreferences>
